Email,FirstName,LastName,Dob,Salt,UUID,RegisterDateTime
Marvel_Steve@gmail.com,Steve,Rogers,1918/7/4,63652315D22919A8EC76F58F982EC08A6244474F8082B8E75A1271B3C63948E9,371ff7ba-8cd9-11e9-bc42-526af7764f64,2019/6/6
Marvel_Tony@gmail.com,Tony,Stark,1970/5/29,AA52032EAB8CC92F7B77CCE828940F95C2369F18DDF1C6B3A80A8A6195D137FB,371ffa30-8cd9-11e9-bc42-526af7764f64,2019/6/6
Marvel_Thor@gmail.com,Thor,God,1911/1/1,3C567E0EA40F26755BB221C96AB02CC726DE673E85016EC1D949D14E5B16B223,371ffb70-8cd9-11e9-bc42-526af7764f64,2019/6/6
Marvel_Peter@gmail.com,Peter,Parker,2000/8/10,95B79B147E492681F98C749E3AC329C1A975D3F4000FF25D0643D8D55A4E4E2B,371ffc9c-8cd9-11e9-bc42-526af7764f64,2019/6/6
Marvel_David @gmail.com,David ,Banner,1980/11/22,EB7F11AE33003238D3FF14094E3BC569F077B8F39DF472423FD339CE22B5F050,371ffdbe-8cd9-11e9-bc42-526af7764f64,2019/6/6
Marvel_Natasha@gmail.com,Natasha,Romanoff,1984/11/22,5F79D14FB8A43CA9350E781EA1067B14B197D36671182C4C15E9EDBD921791DD,372001ba-8cd9-11e9-bc42-526af7764f64,2019/6/6
Marvel_Wanda@gmail.com,Wanda,Maximoff,1980/8/2,9C681B6D73E80D3C1F10E06BDEB48914ABE207ADA83405DC14485B6AD060C021,372002f0-8cd9-11e9-bc42-526af7764f64,2019/6/6
Marvel_Carol@gmail.com,Carol,Danvers,1980/8/1,6C40F0CC5D46DCE7D1A0E1D118E0750A7874087FC7199DDA34D171131002DCA9,37200412-8cd9-11e9-bc42-526af7764f64,2019/6/6
Marvel_Stephen@gmail.com,Stephen,Strange,1930/7/1,039FB5567A6B559BE9999BF854BEF1699A14CB912AF431CCF90D9941900D8788,37200534-8cd9-11e9-bc42-526af7764f64,2019/6/6
Marvel_Clint@gmail.com,Clint,Barton,1971/1/7,ABC1523C0333408EFF2B8CCF4248A0B2175723EBC65C8D05940B9D434B7A39A2,37200656-8cd9-11e9-bc42-526af7764f64,2019/6/6
